
<beans xmlns="http://www.springframework.org/schema/beans"
   xmlns:context="http://www.springframework.org/schema/context"
   xmlns:xsi="http://www.w3.org/2001/XMLSchema-instance"
   xmlns:mvc="http://www.springframework.org/schema/mvc"
   	 xmlns:webflow="http://www.springframework.org/schema/webflow-config"
         xsi:schemaLocation="
   http://www.springframework.org/schema/beans     
   http://www.springframework.org/schema/beans/spring-beans-3.0.xsd
   http://www.springframework.org/schema/context 
   http://www.springframework.org/schema/context/spring-context-3.0.xsd
   http://www.springframework.org/schema/mvc
   http://www.springframework.org/schema/mvc/spring-mvc.xsd
   http://www.springframework.org/schema/webflow-config
        http://www.springframework.org/schema/webflow-config/spring-webflow-config.xsd">
   <context:component-scan base-package="com.ankith" />
   <mvc:annotation-driven/>
   <mvc:resources location="/resources/" mapping="/resources/**"/>
   <mvc:default-servlet-handler/>
 
   <bean class="org.springframework.web.servlet.view.InternalResourceViewResolver" id="viewResolver">
      <property name="prefix" value="/WEB-INF/views/"/>
      <property name="suffix" value=".jsp" />
   </bean>
   
   
        <!-- WebFlow Configuration -->
	<webflow:flow-executor id="flowExecutor" />
 
	<webflow:flow-registry id="flowRegistry"
		flow-builder-services="flowBuilderServices" base-path="/WEB-INF">
		<!-- here the id is mapped to invoke this flow -->
		<webflow:flow-location id="reg" path="registrationFlow.xml" />
		 <webflow:flow-location id="customer/checkout" path="checkout.xml"/> 
	</webflow:flow-registry>
	
	<!-- adding validator for validation -->
 
	<webflow:flow-builder-services id="flowBuilderServices"
		view-factory-creator="viewFactoryCreator" validator="validator" />
 
 <bean class="org.springframework.webflow.mvc.servlet.FlowHandlerAdapter">
		<property name="flowExecutor" ref="flowExecutor" />
	</bean>
 
	<bean class="org.springframework.webflow.mvc.servlet.FlowHandlerMapping">
		<property name="flowRegistry" ref="flowRegistry" />
		<!-- <property name="checoutProcess" ref="checkoutProcess"/> -->
		<property name="order" value="0" />
	</bean>
	<!-- validator Bean -->
	<bean id="validator" class="org.springframework.validation.beanvalidation.LocalValidatorFactoryBean"/>
	
	
	<bean id="viewFactoryCreator"
		class="org.springframework.webflow.mvc.builder.MvcViewFactoryCreator">
		<property name="viewResolvers">
			<list>
				<ref bean="viewResolver" />
			</list>
		</property>
	</bean>
 
</beans> 

